中药名称,成分ID,分子式,来源药材,CNE1_IC50,CNE2_IC50,细胞凋亡率,IL2,IFNγ,TNFα,结合能,靶点ID,通路,复方配伍,口服生物利用度,半衰期,CNE1_IC50_log,CNE2_IC50_log,CNE1_IC50_scaled,CNE2_IC50_scaled,IL2_scaled,IFNγ_scaled,TNFα_scaled,结合能_scaled,通路_Hippo,通路_JAK-STAT,通路_MAPK,通路_NF-κB,通路_Notch,通路_PI3K-Akt,通路_TGF-β,通路_TNF-α,通路_Wnt,通路_mTOR,靶点ID_4-1BB,靶点ID_CD28,靶点ID_CD40,靶点ID_CTLA-4,靶点ID_GITR,靶点ID_ICOS,靶点ID_IFNAR1,靶点ID_IFNGR1,靶点ID_IL-2RA,靶点ID_IL-6R,靶点ID_LAG3,靶点ID_OX40,靶点ID_PD-1,靶点ID_PD-L1,靶点ID_STING,靶点ID_TIGIT,靶点ID_TIM3,靶点ID_TLR4,靶点ID_TLR7,靶点ID_TLR9,免疫激活评分,CNE1_抑制评分,CNE2_抑制评分,抗肿瘤活性评分,双效综合评分
白术,CMP001,C31H50O9,白术,3.4760647670440266,28.227902518542805,25.624751670417595,149.92953069116237,209.47585647841515,224.66219841063867,-8.278173199020221,TLR7,NF-κB,黄柏+栀子+佩兰,12.12287757470909,5.573265965792915,0.5410879846909302,1.4506786243694338,0.0016225086556226464,0.2754184786879468,0.7345797938636134,0.706816184440866,0.8970937716079808,0.46722829652266085,False,False,False,True,False,False,False,False,False,False,False,False,False,False,False,False,False,False,False,False,False,False,False,False,False,False,False,False,True,False,196.1678613219064,-0.541087859752401,-1.4506786089841437,-0.9958832343682724,97.58598904376906
黄柏,CMP002,C27H73O16,黄柏,95.76409414847134,34.32285996615005,16.492209036610355,96.19324416497193,257.29842257728876,156.8756173712194,-7.123995083688833,TLR9,TGF-β,女贞子+木香+熟地,59.481580189139684,20.819258707147878,1.9812027094780977,1.5355834811005127,0.38198417039269855,0.33765127794724015,0.44970206318055733,0.8868366424321418,0.6059178468072615,0.6130092960033114,False,False,False,False,False,False,True,False,False,False,False,False,False,False,False,False,False,False,False,False,False,False,False,False,False,False,False,False,False,True,178.8400274917729,-1.9812027049430527,-1.5355834684472993,-1.758393086695176,88.54081720253886
柴胡,CMP003,C23H78O17,柴胡,30.382390721963027,21.741196046377283,28.688447543437935,187.96437166537385,201.4499078690462,166.24643392221202,-10.630890814415224,GITR,PI3K-Akt,生地+木香+栀子,35.942618753225744,18.67121228462456,1.482621958821227,1.3372834521846926,0.11251592484456985,0.20918571082921214,0.9362178281245647,0.6766037750631293,0.6461700048824186,0.17006313552015873,False,False,False,False,False,True,False,False,False,False,False,False,False,False,True,False,False,False,False,False,False,False,False,False,False,False,False,False,False,False,186.84320482389424,-1.4826219445269446,-1.3372834322090448,-1.4099526883679947,92.71662606776312
厚朴,CMP004,C17H49O15,厚朴,15.144287453764203,14.823401633025124,62.14922874641246,112.40568503678517,229.1638672626322,115.68194941422622,-7.33173660043475,TIGIT,JAK-STAT,单味药,22.227305547860887,4.679586039616356,1.1802488730559135,1.1709479050690557,0.049712652094445475,0.13855130283802639,0.5356507519152051,0.7809285754611256,0.4289712567980066,0.5867700478815856,False,True,False,False,False,False,False,False,False,False,False,False,False,False,False,False,False,False,False,False,False,False,False,False,False,True,False,False,False,False,160.0918372403563,-1.1802488443787988,-1.1709478757711607,-1.1755983600749798,79.45811944014066
白术,CMP005,C29H45O6,白术,30.056512736095186,16.6576176801223,10.227172127121051,109.44521921771238,221.5105872880588,149.04760342546524,-5.904302407583483,IFNAR1,TNF-α,川芎+佩兰,71.00086400601211,13.405717692751391,1.4779386052268921,1.221612916158311,0.11117283091289719,0.1572796368811107,0.5199561284340837,0.7521190179959394,0.5722927669602276,0.7670652558417242,False,False,False,False,False,False,False,True,False,False,False,False,False,False,False,False,True,False,False,False,False,False,False,False,False,False,False,False,False,False,166.1520817081768,-1.4779385907776286,-1.2216128900864873,-1.349775740432058,82.40115298387238
丹皮,CMP006,C25H43O7,丹皮,87.92295032120002,94.74799508450141,15.995741644751515,102.33818803015662,39.379505171147414,193.74150883544942,-5.873324565544098,OX40,Notch,木香+柴胡,87.14903248059642,22.365010339050066,1.9441022576797544,1.9765700334301208,0.3496671893492118,0.954624462150898,0.4822788893189876,0.06651547364942846,0.7642745580633994,0.7709779801554743,False,False,False,False,True,False,False,False,False,False,False,False,False,False,False,False,False,False,False,False,False,True,False,False,False,False,False,False,False,False,104.57571112814077,-1.9441022527402652,-1.976570028846441,-1.960336140793353,51.307687493673704
三七,CMP007,C36H74O6,三七,3.0823917406988293,55.838230720023496,51.190808008724574,11.366259407167773,218.19546503356713,28.835335215936,-8.454892468090316,PD-L1,Wnt,单味药,53.13871451158037,17.63710901526233,0.4888879732051284,1.7469316566352358,0.0,0.5573348049652552,0.0,0.7396397665622796,0.055923334668799854,0.4449073814660349,False,False,False,False,False,False,False,False,True,False,False,False,False,False,False,False,False,False,False,False,False,False,False,True,False,False,False,False,False,False,99.338664400358,-0.48888783230986,-1.7469316488575095,-1.1179097405836846,49.11037732988716
淫羊藿,CMP008,C13H36O17,淫羊藿,7.000654733624351,73.09314525567709,66.04147576031892,30.76111612651276,73.64522019966313,141.0271521689309,-10.878541623241805,4-1BB,MAPK,单味药,14.047066361990499,23.98349677349271,0.8451387211795224,1.863876656261737,0.016148974391384827,0.7335167786318891,0.10281995884544648,0.1955033180088977,0.5378410764319443,0.1387830566888557,False,False,True,False,False,False,False,False,False,False,True,False,False,False,False,False,False,False,False,False,False,False,False,False,False,False,False,False,False,False,80.99456856849835,-0.8451386591432604,-1.863876650320079,-1.3545076547316697,39.820030456883345
黄芪,CMP009,C14H23O12,黄芪,98.54557553419286,28.97899560170372,64.88494213639986,96.45158979443723,138.44209607724562,239.9696456020232,-7.08632521909883,IFNGR1,Notch,熟地+黄柏+当归,68.85897430312347,2.4020241439598635,1.9936371346539532,1.462083343940973,0.39344794190299043,0.2830875437259229,0.45107165757219975,0.4394208703997343,0.9628466097648076,0.6177672709096842,False,False,False,False,True,False,False,False,False,False,False,False,False,False,False,False,False,True,False,False,False,False,False,False,False,False,False,False,False,False,156.30320904983637,-1.9936371302469114,-1.4620833289544468,-1.727860229600679,77.28767441011784
桔梗,CMP010,C42H48O9,桔梗,12.868774780765294,89.13844409881432,27.235074345203742,122.95863917135382,131.78099465864312,113.51785510393003,-7.330621685670202,IFNAR1,Wnt,赤芍+黄柏,20.470262570196518,15.84651814326594,1.1095372340103158,1.9500650541287246,0.0403342117115823,0.8973479243853907,0.5915962185672978,0.41434621159485263,0.4196754322779584,0.5869108696373897,False,False,False,False,False,False,False,False,True,False,False,False,False,False,False,False,True,False,False,False,False,False,False,False,False,False,False,False,False,False,123.6553461460424,-1.1095372002623893,-1.9500650492565903,-1.5298011247594898,61.06277251064146
红花,CMP011,C13H26O18,红花,88.20555319495752,88.04775400596974,35.86689621172188,39.97189814787407,253.44858729914597,180.33188239553218,-7.106577874192399,IFNAR1,NF-κB,单味药,81.17701656045674,18.07558373156297,1.9454959329807382,1.9447182870386845,0.3508319265247106,0.8862113909172622,0.15165002972842087,0.8723445487094974,0.7066737715949907,0.6152092148675025,False,False,False,True,False,False,False,False,False,False,False,False,False,False,False,False,True,False,False,False,False,False,False,False,False,False,False,False,False,False,167.47056908268027,-1.9454959280570747,-1.9447182821061968,-1.9451071050816358,82.76273098879932
生地,CMP012,C16H60O18,生地,5.364589418105952,34.02209732190373,19.15737624911916,196.16161122747883,65.24295335668812,118.83134528729988,-6.354660425920074,IFNGR1,NF-κB,白术+枸杞,56.60076531918352,4.406157068052101,0.7295365695551367,1.5317610953295029,0.009405992378527944,0.33458032931060555,0.9796747015945927,0.16387431838328165,0.4424994247900244,0.7101817981109537,False,False,False,True,False,False,False,False,False,False,False,False,False,False,False,False,False,True,False,False,False,False,False,False,False,False,False,False,False,False,120.59506829710885,-0.7295364885993714,-1.5317610825644323,-1.1306487855819018,59.73220975576348
佩兰,CMP014,C22H61O18,佩兰,40.568160051646025,98.13381903262776,47.535101273510534,188.45505666169598,52.295690518399724,104.92487442611669,-10.571457470620292,ICOS,NF-κB,淫羊藿+延胡索,58.49670826449146,12.762730372397996,1.6081853216500104,1.9918187048550422,0.1544961922126848,0.98919554880775,0.9388191472195181,0.1151364028757113,0.3827644528880699,0.177569994423314,False,False,False,True,False,False,False,False,False,False,False,False,False,False,False,True,False,False,False,False,False,False,False,False,False,False,False,False,False,False,108.93225553370368,-1.6081853109447066,-1.9918187004295091,-1.8000020056871078,53.56612676400829
枸杞,CMP015,C48H56O19,枸杞,94.93857411116012,92.15631476558598,53.62087869624864,136.0436204904534,54.89508838602297,226.51100624781648,-7.943019967717847,TLR7,Wnt,桔梗+熟地,63.19435473702172,9.72034137381846,1.977442709307723,1.9645251041579241,0.3785818204314571,0.9281620098011044,0.6609649826779044,0.12492142348007622,0.9050352892876528,0.5095605608321443,False,False,False,False,False,False,False,False,True,False,False,False,False,False,False,False,False,False,False,False,False,False,False,False,False,False,False,False,True,False,130.72442337589015,-1.9774427047332443,-1.9645250994453392,-1.9709839020892916,64.37671973690043
枳实,CMP016,C35H46O9,枳实,44.77382013117594,22.15643869792093,43.12303301365284,181.2243569073683,242.88693283549847,54.87747810654286,-11.321635706199025,IFNAR1,mTOR,单味药,21.788316979661815,2.062915516133444,1.6510241599489834,1.3454999752003165,0.17182966294852445,0.21342556201760024,0.9004862911473099,0.8325868772001843,0.16778684694057755,0.08281708625549733,False,False,False,False,False,False,False,False,False,True,False,False,False,False,False,False,True,False,False,False,False,False,False,False,False,False,False,False,False,False,167.98532363837273,-1.651024150249242,-1.3454999555990403,-1.498262052924141,83.2435307927243
黄芪,CMP017,C20H75O19,黄芪,89.37332279492529,86.18361597682961,71.98256438569061,157.89987728579175,81.27551830744943,203.9658162006886,-6.4327057887340935,TLR9,NF-κB,木香+丹皮,63.40621860690825,23.721526420528303,1.9512079096517554,1.9354247167204999,0.35564484525910034,0.8671775373167526,0.7768338161903848,0.224226363885058,0.808192869134275,0.7003241073050671,False,False,False,True,False,False,False,False,False,False,False,False,False,False,False,False,False,False,False,False,False,False,False,False,False,False,False,False,False,True,141.0699153689239,-1.9512079047924253,-1.935424711681323,-1.943316308236874,69.5632995303435
赤芍,CMP018,C47H17O17,赤芍,75.42590186355064,84.14642589635015,29.411794719151835,157.75821871345462,155.6871647796747,71.22277799643872,-9.197799842410074,LAG3,JAK-STAT,单味药,22.06645264104693,9.809811725920778,1.877520517472298,1.9250356792881411,0.29816107149166776,0.8463767290385465,0.7760828269570754,0.5043371937832137,0.2379977609387015,0.3510728353840513,False,True,False,False,False,False,False,False,False,False,False,False,False,False,False,False,False,False,False,False,True,False,False,False,False,False,False,False,False,False,130.96916492483788,-1.8775205117144023,-1.9250356741269656,-1.901278092920684,64.5339434159586
茯苓,CMP020,C17H42O19,茯苓,245.71470373543713,18.991173624829784,28.21094197435133,72.19700671892952,147.315811004615,94.31262879735961,-4.962880111984837,ICOS,Hippo,单味药,89.99262628073674,9.04908790556423,2.3904311475031355,1.2785518271543643,1.0,0.18110650030315537,0.3224883290266621,0.4728245614941501,0.3371797606409595,0.8859736646589668,True,False,False,False,False,False,False,False,False,False,False,False,False,False,False,True,False,False,False,False,False,False,False,False,False,False,False,False,False,False,108.87921505673273,-2.3904311457356613,-1.2785518042861372,-1.8344914750108994,53.52236179086092
赤芍,CMP021,C12H59O18,赤芍,76.92291173726784,17.611125193412423,52.50732457236522,152.10587387150431,52.069203986091345,207.53577596310498,-4.282233815727299,CD28,mTOR,香附+牛膝+桔梗,25.86638216733722,14.6182508087466,1.8860557207272923,1.245787129047675,0.3043309417014924,0.16701546230350275,0.7461174669423287,0.11428383028078375,0.823527561036179,0.9719441886562419,False,False,False,False,False,False,False,False,False,True,False,True,False,False,False,False,False,False,False,False,False,False,False,False,False,False,False,False,False,False,128.7201765448193,-1.886055715081452,-1.245787104387441,-1.5659214097344465,63.57712756754243
桃仁,CMP022,C46H63O15,桃仁,7.826716915444411,65.1067821516237,10.885650511609716,89.81116075994724,157.2564773973143,116.87799931157438,-9.102495692039424,TLR9,PI3K-Akt,砂仁+生地+乳香,71.97131602972597,11.69209674759368,0.893579681593799,1.8136262379054606,0.019553558780944506,0.651971708606585,0.41586806468556836,0.5102446219955535,0.4341088655935533,0.36311043522339537,False,False,False,False,False,True,False,False,False,False,False,False,False,False,False,False,False,False,False,False,False,False,False,False,False,False,False,False,False,True,124.90933898038222,-0.8935796261050852,-1.8136262312349656,-1.3536029286700253,61.777868025856094
人参,CMP023,C47H62O20,人参,49.936343857976276,33.17640262098719,44.12849526739411,77.4167435734581,92.33867448042986,122.690026768282,-7.230759936500565,ICOS,TGF-β,黄连+女贞子+丹皮,42.51424997364154,13.769052866382799,1.6984167505482477,1.520829305973674,0.1931068114221057,0.3259453307877777,0.3501602595973776,0.2658718589630784,0.4590743151519237,0.5995241269938211,False,False,False,False,False,False,True,False,False,False,False,False,False,False,False,True,False,False,False,False,False,False,False,False,False,False,False,False,False,False,96.96750089469397,-1.6984167418512859,-1.5208292928832108,-1.6096230173672483,47.67893893866336
木香,CMP024,C44H31O13,木香,53.56127118343101,43.12487745781626,62.215480569952675,72.85034646722673,216.7993838120153,78.66536033940613,-9.988770590392468,CD28,JAK-STAT,单味药,69.08837228071604,7.359491420279852,1.7288508837933416,1.6347278840772934,0.20804681383008403,0.4275246187120223,0.3259519465724937,0.7343844404391023,0.2699672269213394,0.2511675394257029,False,True,False,False,False,False,False,False,False,False,False,True,False,False,False,False,False,False,False,False,False,False,False,False,False,False,False,False,False,False,132.174465566796,-1.7288508756849739,-1.6347278740066682,-1.681789374845821,65.24633809597508
灵芝,CMP025,C15H46O8,灵芝,97.45519817917105,58.34579236873854,58.81921750371361,33.993103662097695,263.16913523362433,130.35649321308802,-5.018242120011723,IL-2RA,MAPK,单味药,30.19827123943781,20.819628186432805,1.9888050134340662,1.76600954962558,0.3889539924118548,0.5829383603725288,0.11995402847053324,0.9089360082199096,0.4920054708879233,0.8789810447537643,False,False,True,False,False,False,False,False,False,False,False,False,False,False,False,False,False,False,True,False,False,False,False,False,False,False,False,False,False,False,154.57253315600545,-1.988805008977716,-1.7660095421821218,-1.877407275579919,76.34756294021277
木香,CMP026,C40H52O6,木香,76.67990108729323,61.02544747305331,65.35185808903935,115.82751814201058,166.320309836461,120.87089924885724,-8.458231967845373,IL-2RA,Hippo,乳香+当归+乳香,17.938685981983056,18.5429534001583,1.8846815496549634,1.7855109797099826,0.3033293823956573,0.6102990826785442,0.5537912694836764,0.5443639802808841,0.4512602886930451,0.4444855786215771,True,False,False,False,False,False,False,False,False,False,False,False,False,False,False,False,False,False,True,False,False,False,False,False,False,False,False,False,False,False,137.53764915184473,-1.8846815439912303,-1.7855109725933698,-1.8350962582923,67.85127644677621
栀子,CMP027,C27H79O20,栀子,29.52238406977524,28.989118938116487,70.17247119383657,23.524154429161058,85.35866572480715,77.17033702984142,-5.670018039640308,IL-2RA,JAK-STAT,陈皮+白术,76.13049277200477,2.6424262476837255,1.4701514405764757,1.462235031090725,0.10897143958983412,0.28319090844474587,0.06445390568736442,0.23959672411622812,0.2635453837174759,0.7966570570271437,False,True,False,False,False,False,False,False,False,False,False,False,False,False,False,False,False,False,True,False,False,False,False,False,False,False,False,False,False,False,64.35181372762361,-1.4701514258657913,-1.4622350161094324,-1.4661932209876118,31.442810253317997
枳实,CMP028,C16H35O15,枳实,8.963743338030795,4.9462176341776924,40.24200649125408,71.24110083807699,90.1030126753611,36.46181835828152,-4.304711182457306,IL-2RA,mTOR,人参+生地,51.517107279008314,11.171276301664665,0.9524894611867778,0.6942733092590749,0.02423977065948046,0.03769993277822559,0.3174206863649175,0.2574560650211561,0.08868274291596018,0.9691051355291145,False,False,False,False,False,False,False,False,False,True,False,False,False,False,False,False,False,False,True,False,False,False,False,False,False,False,False,False,False,False,68.352080829052,-0.952489412736656,-0.694273221455733,-0.8233813170961946,33.764349755977904
半夏,CMP029,C41H30O5,半夏,69.67369372435982,29.53356174078412,76.16354776942474,164.5775466002148,165.0858900839493,121.88408852140643,-9.483862742638657,TIM3,TNF-α,桔梗+佩兰,14.336326830138288,12.924106026596762,1.843068841334853,1.470315840643789,0.27445356076524996,0.28874996278398224,0.812234834822693,0.5397172030932862,0.4556124232735031,0.31494103306021093,False,False,False,False,False,False,False,True,False,False,False,False,False,False,False,False,False,False,False,False,False,False,False,False,False,False,True,False,False,False,151.97284657006608,-1.8430688351015898,-1.4703158259386722,-1.6566923305201309,75.15807711977297
延胡索,CMP030,C27H68O15,延胡索,80.13205959417259,71.26849968492566,31.752509687533458,12.598148248551531,134.2373924411727,67.8046549721094,-5.268754547063716,CD28,Notch,藿香+熟地+佩兰,31.873991737061935,20.198650748263972,1.9038063107576617,1.8528976223985727,0.31755732457903074,0.7148861643084846,0.006530739659804018,0.4235929310809101,0.22331528075707163,0.8473395229532253,False,False,False,False,True,False,False,False,False,False,False,True,False,False,False,False,False,False,False,False,False,False,False,False,False,False,False,False,False,False,77.81579794266736,-1.9038063053379273,-1.8528976163047937,-1.8783519608213606,37.968722990923
佩兰,CMP031,C34H64O9,佩兰,27.450093643623575,1.2539606764991438,60.82356878294728,169.12042529522006,182.37854748735316,170.08607696790605,-8.278173199020221,TLR9,TGF-β,苍术+红花,46.42756934932009,8.400879055267861,1.4385438461679907,0.09828426381584743,0.10043057209731068,0.0,0.8363184672629574,0.6048126665866246,0.6626631160202183,0.46722829652266085,False,False,False,False,False,False,True,False,False,False,False,False,False,False,False,False,False,False,False,False,False,False,False,False,False,False,False,False,False,True,174.71336967387907,-1.4385438303467524,-0.09828391747778688,-0.7684138739122697,86.9724778999834
藿香,CMP032,C44H19O7,藿香,96.51761939872013,13.49838071112948,77.57475131237976,73.07899374695911,48.10208860615865,213.58426443093984,-11.202306418064172,TLR9,NF-κB,甘草+半夏,37.08489872411454,16.93220576749829,1.9846066060212024,1.1302817050835798,0.38508979653150044,0.12502212535721105,0.3271640980326671,0.09935025423379411,0.8495087242142443,0.09788923383873116,False,False,False,True,False,False,False,False,False,False,False,False,False,False,False,False,False,False,False,False,False,False,False,False,False,False,False,False,False,True,105.23981289583315,-1.984606601521563,-1.1302816729097602,-1.5574441372156618,51.84118437930874
丹皮,CMP033,C25H78O9,丹皮,63.48494066860941,92.17198077924938,79.81981460693507,151.88560968020613,141.5120121384752,38.13413470005152,-10.244620369698586,CD28,Notch,单味药,33.469422077216706,9.62134506483224,1.8026707248861902,1.9645989253063256,0.24894684649100018,0.9283219682408292,0.7449497576154629,0.45097708204665254,0.09586614485049749,0.21885187163690523,False,False,False,False,True,False,False,False,False,False,False,True,False,False,False,False,False,False,False,False,False,False,False,False,False,False,False,False,False,False,113.6107281694674,-1.8026707180452848,-1.9645989205945416,-1.883634819319913,55.86354667507374
栀子,CMP034,C35H50O5,栀子,46.65384142214476,26.143756601940687,27.872869571140782,11.785511976425498,245.29726155304095,226.7842145457375,-6.579112914407364,4-1BB,TNF-α,郁金+川芎+陈皮,30.0078579526161,20.441990278279768,1.668887418157839,1.4173680082065285,0.17957810039081198,0.2541382260250026,0.002222626985118707,0.8416601770048082,0.906208850154576,0.6818318340343938,False,False,False,False,False,False,False,True,False,False,True,False,False,False,False,False,False,False,False,False,False,False,False,False,False,False,False,False,False,False,169.6898225778653,-1.6688874088489705,-1.4173679915947432,-1.5431277002218569,84.07334743882173
黄芩,CMP036,C26H63O16,黄芩,20.878684670357543,78.86476829202002,71.35224176946484,79.51293081687352,160.50253343415523,79.04392741740544,-7.03822083146667,STING,MAPK,单味药,78.81124775190574,17.65698437773692,1.3197031560123562,1.896883037187827,0.07334675576946505,0.7924481593525292,0.36127299372164406,0.5224638846174983,0.2715933543546061,0.6238432011454672,False,False,True,False,False,False,False,False,False,False,False,False,False,False,False,False,False,False,False,False,False,False,False,False,True,False,False,False,False,False,111.7680708439458,-1.3197031352115023,-1.896883031681002,-1.608293083446252,55.07988888024977
淫羊藿,CMP037,C19H68O8,淫羊藿,67.80881898215688,47.67620993016242,53.36828069311707,189.2021358509913,111.84175890886524,158.36931602672703,-6.818780954884468,TLR9,MAPK,半夏+白术,89.67418998040236,3.6707710566775185,1.8312861867941035,1.678301732522632,0.26676754925725515,0.4739961753305213,0.9427797153541112,0.33928812407504516,0.6123339999856923,0.6515600362761341,False,False,True,False,False,False,False,False,False,False,False,False,False,False,False,False,False,False,False,False,False,False,False,False,False,False,False,False,False,True,149.0081391268616,-1.8312861803894132,-1.6783017234133828,-1.754793951901398,73.6266725874801
藿香,CMP038,C18H41O7,藿香,61.94956919106448,93.96625350565188,29.581809806005204,141.1533261120371,80.83551171531724,119.5035270480846,-7.816130049665594,TIGIT,TNF-α,桃仁+豆蔻,25.184684972886366,3.809673539007066,1.7920382975676672,1.9729719162248707,0.24261887036563473,0.9466424594597578,0.6880535932990672,0.22257002892237426,0.44538676831479734,0.5255876703674556,False,False,False,False,False,False,False,True,False,False,False,False,False,False,False,False,False,False,False,False,False,False,False,False,False,True,False,False,False,False,110.5312606341634,-1.7920382905572152,-1.9729719116030573,-1.8825051010801364,54.32437776654163
木香,CMP039,C33H80O8,木香,21.50857966431919,22.3791838399488,70.87867987386812,72.42631515212378,138.88199491641552,226.62479337346318,-11.977315588159868,OX40,PI3K-Akt,单味药,11.188826178456708,19.16964727739934,1.3326117525542729,1.3498442633380152,0.07594284443046459,0.21569990992387567,0.3237039855280288,0.4410767997434979,0.9055240596465137,0.0,False,False,False,False,False,True,False,False,False,False,False,False,False,False,False,False,False,False,False,False,False,True,False,False,False,False,False,False,False,False,145.26813052424228,-1.3326117323625875,-1.3498442439318352,-1.3412279881472113,71.96345126804754
枳实,CMP040,C43H52O19,枳实,50.82585754869304,94.59614865404052,13.03555258294202,132.57650647913607,262.7546541727547,137.54103545757476,-8.335659823218544,PD-1,NF-κB,陈皮+淫羊藿+藿香,82.77606632921834,2.6902864626283614,1.7060847234598178,1.9758734596783827,0.19677290883264373,0.9530740282871106,0.6425844127611106,0.9073757600673493,0.5228665307058207,0.45996732230986015,False,False,False,True,False,False,False,False,False,False,False,False,False,False,False,False,False,False,False,False,False,False,True,False,False,False,False,False,False,False,186.13712425011516,-1.7060847149150633,-1.975873455087345,-1.8409790850012042,92.14807258255698
佩兰,CMP041,C16H62O9,佩兰,60.937252361995974,10.818667706225156,59.12455929822463,172.03062008615925,202.2566661667655,195.70624157461356,-8.278173199020221,CD40,Hippo,枳实+栀子,43.27917202091962,3.1869743033395097,1.784882875278658,1.0341738218507366,0.23844664441293284,0.09766081185498184,0.851746583745929,0.6796406885977025,0.7727140288781273,0.46722829652266085,True,False,False,False,False,False,False,False,False,False,False,False,True,False,False,False,False,False,False,False,False,False,False,False,False,False,False,False,False,False,191.22372496493804,-1.7848828681517455,-1.0341737817076735,-1.4095283249297095,94.90709832000417
木香,CMP042,C45H18O13,木香,6.93811681911381,95.70583776084375,49.317836709880964,137.3025202991362,135.0264172182043,220.29773247506486,-4.470961049182162,TLR7,NF-κB,川芎+红花+淫羊藿,50.59300375744033,4.558794044740013,0.8412416705069827,1.9809384337461702,0.01589122671550274,0.9644045519236656,0.667638918370876,0.4265630895921456,0.8783462940753268,0.9481065813088104,False,False,False,True,False,False,False,False,False,False,False,False,False,False,False,False,False,False,False,False,False,False,False,False,False,False,False,False,True,False,161.29064271954203,-0.8412416079115462,-1.9809384292083647,-1.4110900185599555,79.93977635049104
人参,CMP043,C15H49O19,人参,18.861191124124588,70.56717851369486,31.628928218093712,74.5666847876791,21.709621033024433,130.08181675598206,-7.753730730816487,TLR4,TNF-α,甘草+人参,43.58659950116025,8.840607580694654,1.2755691389085746,1.84860275954668,0.06503173156825022,0.7077252973064299,0.33505094833504634,0.0,0.49082560357211485,0.5334691532580947,False,False,False,False,False,False,False,True,False,False,False,False,False,False,False,False,False,False,False,False,False,False,False,False,False,False,False,True,False,False,70.07839887630811,-1.2755691158827505,-1.8486027533923393,-1.5620859346375449,34.25815647083528
陈皮,CMP044,C44H44O16,陈皮,49.080508784208625,44.76237448308013,29.12167910553386,153.43919729699041,51.86890227085649,116.02970384850423,-9.734028239356405,IL-2RA,Notch,灵芝+栀子+桔梗,14.382556681446479,5.701731860135831,1.6909090649620362,1.6509131259309022,0.18957951917182123,0.44424434555785003,0.7531859522485084,0.11352982627274984,0.43046502912656764,0.2833433310568112,False,False,False,False,True,False,False,False,False,False,False,False,False,False,False,False,False,False,True,False,False,False,False,False,False,False,False,False,False,False,101.58823125199099,-1.6909090561134221,-1.6509131162286808,-1.6709110861710514,49.95866008290997
枸杞,CMP045,C29H58O12,枸杞,40.310046250482436,74.46209141007009,40.53537168586185,142.0304398698682,41.801531325212125,88.56924820917399,-8.565725709593316,TLR4,Hippo,单味药,74.10577234483617,15.216881055997526,1.6054133072230528,1.871935235876189,0.1534323858340472,0.7474944564016603,0.6927035271340007,0.0756328065968097,0.31250918235534053,0.4309083456955909,True,False,False,False,False,False,False,False,False,False,False,False,False,False,False,False,False,False,False,False,False,False,False,False,False,False,False,True,False,False,85.9005189537975,-1.6054132964492007,-1.871935230043765,-1.7386742632464829,42.08092234527551
三七,CMP046,C50H56O15,三七,58.60510904959813,8.561558369829093,54.325726687773056,110.81491594680317,74.2930377547321,197.4136338912188,-9.191202120341117,OX40,JAK-STAT,赤芍+黄连+黄芩,22.229583120474388,18.460504741048123,1.7679354858062455,0.9325528726251229,0.22883480296764167,0.07461450949017084,0.527217443294708,0.197941924350456,0.7800480989722671,0.3519061751474135,False,True,False,False,False,False,False,False,False,False,False,False,False,False,False,False,False,False,False,False,False,True,False,False,False,False,False,False,False,False,122.18578005329942,-1.767935478395723,-0.932552821899024,-1.3502441501473736,60.417767951576025
甘草,CMP047,C22H56O20,甘草,44.53651881784453,47.423187269110954,54.19695840178005,161.30263903877136,185.59753191268587,97.706422315718,-11.406474750613699,TLR9,Notch,桃仁+熟地+枸杞,79.14000271401913,20.671747543490078,1.648716277292595,1.6759907483164758,0.17085163446014837,0.47141267764269906,0.7948732288277183,0.6169300224248097,0.351757733908501,0.07210130458760156,False,False,False,False,True,False,False,False,False,False,False,False,False,False,False,False,False,False,False,False,False,False,False,False,False,False,False,False,False,True,151.94173117142117,-1.648716267541171,-1.675990739158625,-1.6623535033498982,75.13968883403564
佩兰,CMP048,C34H51O13,佩兰,15.935246592868214,7.1254963100089705,17.245131408927413,180.83409845159696,116.16257723471493,182.86415405435372,-7.963607987992341,4-1BB,NF-κB,枳实+砂仁+砂仁,22.69969663852331,9.575595588330524,1.2023588156843084,0.8528151804637902,0.05297256060622342,0.05995154216662408,0.898417373653247,0.35555315870970644,0.7175510946698223,0.5069601457548909,False,False,False,True,False,False,False,False,False,False,True,False,False,False,False,False,False,False,False,False,False,False,False,False,False,False,False,False,False,False,155.57450664567116,-1.202358788430606,-0.8528151195144286,-1.0275869539725173,77.27345984584932
延胡索,CMP049,C33H54O10,延胡索,87.45468654399335,34.002841569995105,50.79176602104937,36.87139231102039,117.94982051003639,242.40867930779498,-6.412160297504952,TLR4,PI3K-Akt,川芎+木香+牛膝,73.33295662908348,19.703250027740424,1.941783092487429,1.5315152247146218,0.34773725770343483,0.33438371770938974,0.1352129976245751,0.362280952285233,0.9733234310472563,0.7029191506579253,False,False,False,False,False,True,False,False,False,False,False,False,False,False,False,False,False,False,False,False,False,False,False,False,False,False,False,True,False,False,130.96394968965916,-1.941783087521492,-1.5315152119423223,-1.7366491497319072,64.61365026996363
黄柏,CMP050,C38H51O19,黄柏,34.83150216802327,76.84946455911414,23.440366356507038,199.99555800957543,63.384648424433344,84.51114388883612,-5.6950386106287985,IFNAR1,TGF-β,三七+乳香+茯苓,40.137589665801976,4.731685878034361,1.5419722170218702,1.8856408515945837,0.1308527712830472,0.771870822474538,0.9999999999999999,0.15687902448164742,0.29507767511167177,0.7934967789055719,False,False,False,False,False,False,True,False,False,False,False,False,False,False,False,False,True,False,False,False,False,False,False,False,False,False,False,False,False,False,110.7058699392968,-1.5419722045534308,-1.8856408459433474,-1.7138065252483892,54.49603170702421
栀子,CMP051,C28H25O10,栀子,53.86710382012785,31.637321759716173,66.60367097635505,99.11296495612801,253.83174996319806,101.44262518288271,-4.4229586380470165,TLR9,Notch,单味药,75.3512991664992,19.428962155485596,1.7313236342719343,1.5001997251455963,0.20930729160479802,0.31023048599900865,0.46518068083321723,0.8737869037292009,0.3678065197951524,0.95416963117937,False,False,False,False,True,False,False,False,False,False,False,False,False,False,False,False,False,False,False,False,False,False,False,False,False,False,False,False,False,True,161.69937702698243,-1.7313236262096023,-1.500199711418313,-1.6157616688139576,80.04180767908424
生地,CMP052,C18H75O19,生地,173.19286818734494,51.82192105492589,68.173270304673,27.425578235227743,274.9413870436746,206.92526512604263,-4.9229618102559405,PD-1,Hippo,当归+桔梗,89.5620280990633,9.622991488608655,2.238530006986524,1.714513516761886,0.7011039669371617,0.5163261194576472,0.08513692701529765,0.9532507812509574,0.8209051237505587,0.8910156333519339,True,False,False,False,False,False,False,False,False,False,False,False,False,False,False,False,False,False,False,False,False,False,True,False,False,False,False,False,False,False,180.28180782585093,-2.2385300044789473,-1.7145135083813692,-1.9765217564301583,89.1526430347104
乳香,CMP053,C10H60O12,乳香,41.53697285923688,8.843351355801406,27.914674990593127,168.6429888636524,173.66518872427392,185.900174551359,-7.777827952906206,CD28,MAPK,丹皮+川芎,61.11613857382483,15.32464307184229,1.6184348531979367,0.9466169294515884,0.15848911796781615,0.07749176769573493,0.8337873841538906,0.572012610815281,0.7305922609651894,0.5304255007452954,False,False,True,False,False,False,False,False,False,False,False,True,False,False,False,False,False,False,False,False,False,False,False,False,False,False,False,False,False,False,175.82902451421296,-1.6184348427423247,-0.9466168803418743,-1.2825258615420996,87.27324932633543
黄芩,CMP055,C38H64O15,黄芩,81.33827050291303,7.246953166190238,64.33332797923953,113.85972550381491,102.16391992900876,25.29447477989393,-10.404241330278493,PD-L1,Wnt,川芎+佩兰,12.929661722952668,15.878711472417256,1.9102949390948412,0.8601555146046573,0.3225286777299112,0.06119168210432963,0.543359206952694,0.3028574356440322,0.040713638350655806,0.1986905959531089,False,False,False,False,False,False,False,False,True,False,False,False,False,False,False,False,False,False,False,False,False,False,False,True,False,False,False,False,False,False,82.61182805671616,-1.9102949337554789,-0.8601554546767894,-1.3852251942161342,40.613301431250015
黄芩,CMP056,C27H22O7,黄芩,50.12411942716524,50.2548158568691,74.70173266388746,108.66241217163898,244.32146447249667,63.954356635244245,-11.368583951556257,IL-6R,PI3K-Akt,豆蔻+熟地,62.87353771665093,8.049404690087307,1.7000467647408544,1.7011776946318422,0.1938807214081468,0.500325131091904,0.5158061525190304,0.8379869438081006,0.20677640002574466,0.0768871851066828,False,False,False,False,False,True,False,False,False,False,False,False,False,False,False,False,False,False,False,True,False,False,False,False,False,False,False,False,False,False,149.5136164310636,-1.7000467560764732,-1.701177685989994,-1.7006122210332335,73.90650210501519
桔梗,CMP057,C17H18O10,桔梗,36.96780193444725,80.30850158065482,57.55874254702829,191.0299852931255,185.55057396293657,157.77963228040102,-5.749504242052268,PD-L1,PI3K-Akt,桃仁+桃仁+牛膝,12.590825918373358,4.529077758032287,1.5678236404081207,1.9047615281974486,0.13965745087770198,0.807189454055225,0.952469882553359,0.6167532566778039,0.6098010250584485,0.7866173778141915,False,False,False,False,False,True,False,False,False,False,False,False,False,False,False,False,False,False,False,False,False,False,False,True,False,False,False,False,False,False,178.86311485723257,-1.567823628660209,-1.9047615227896215,-1.7362925757249152,88.56341114075383
藿香,CMP058,C50H37O16,藿香,52.25678214663081,91.44070807550548,18.243269684347265,157.24325187098276,217.13058713791125,117.53767192458008,-7.1049825378908595,STING,JAK-STAT,枸杞+枳实+黄芩,45.608895419396404,3.0191870454088146,1.7181426716625083,1.9611395851298465,0.20267041104977962,0.9208552799551283,0.7733527800010227,0.7356312027791397,0.43694247632022404,0.6154107173197296,False,True,False,False,False,False,False,False,False,False,False,False,False,False,False,False,False,False,False,False,False,False,False,False,True,False,False,False,False,False,169.28651199383336,-1.718142663351731,-1.9611395803803813,-1.8396411218660562,83.72343543598365
佩兰,CMP059,C32H31O10,佩兰,23.199919909349696,98.52812212628913,65.44459715277986,54.979875014505396,69.11344626228848,99.8106832444298,-7.421780743067791,TLR9,TGF-β,茯苓+乳香,89.96760351475095,17.53400217748655,1.3654865043438502,1.9935602099422756,0.08291363999815132,0.993221595828764,0.23121336892242964,0.1784441744649814,0.36079654531548694,0.5753968248616239,False,False,False,False,False,False,True,False,False,False,False,False,False,False,False,False,False,False,False,False,False,False,False,False,False,False,False,False,False,True,74.08254598259595,-1.3654864856241964,-1.993560205534453,-1.6795233455793248,36.20151131850831
茯苓,CMP060,C48H58O6,茯苓,43.82921036171551,91.16051482374185,13.878899501244394,142.0304398698682,62.84433070685617,53.69441377417917,-9.418713990763555,GITR,Wnt,女贞子+赤芍+黄连,86.50813016345585,7.312373763910806,1.6417636562725642,1.959806773932328,0.1679364891099101,0.9179943558977076,0.6927035271340007,0.15484508421215332,0.16270501738386306,0.32316978912230465,False,False,False,False,False,False,False,False,True,False,False,False,False,False,True,False,False,False,False,False,False,False,False,False,False,False,False,False,False,False,83.85518837595669,-1.6417636463637735,-1.9598067691682644,-1.800785207766019,41.02720158409534
人参,CMP061,C32H66O9,人参,9.04106263444362,94.90613854306876,63.97156581561257,60.28462248828035,79.02634631655008,149.45224257482508,-7.05513258940034,PD-1,Notch,川芎+苍术+丹皮,42.48740213956467,11.431515057968939,0.9562195259838464,1.9772943081430954,0.02455843924808337,0.956239192064239,0.2593359750768229,0.21575971299339058,0.5740308864629198,0.6217071244500281,False,False,False,False,True,False,False,False,False,False,False,False,False,False,False,False,False,False,False,False,False,False,True,False,False,False,False,False,False,False,94.53159804555166,-0.9562194779480706,-1.9772943035670534,-1.466756890757562,46.53242057739705
桃仁,CMP062,C23H60O6,桃仁,51.983033274139984,11.51220942730063,26.921650265552696,33.279162725952396,145.88688335878612,115.65123534195004,-11.595157665597679,TLR4,mTOR,柴胡+丹参+香附,35.01719366898185,18.551791628188457,1.7158616258778727,1.0611587193041814,0.20154216530938224,0.10474224647969427,0.11616913958299016,0.46744559022132737,0.4288393251050036,0.04826929498188348,False,False,False,False,False,False,False,False,False,True,False,False,False,False,False,False,False,False,False,False,False,False,False,False,False,False,False,True,False,False,103.03387276388517,-1.7158616175233299,-1.0611586815794973,-1.3885101495514136,50.82268130716688
当归,CMP063,C16H65O16,当归,28.854277498979307,47.76275797605501,68.99947528390737,137.77891471543535,100.00954680348491,16.921690397601616,-11.140023325030342,OX40,MAPK,单味药,55.62253151048235,5.477071943417538,1.4602102192501392,1.6790894055055041,0.1062178633439365,0.47487987750770916,0.6701644773366827,0.29474764003124443,0.004748507814668679,0.10575603657273658,False,False,True,False,False,False,False,False,False,False,False,False,False,False,False,False,False,False,False,False,False,True,False,False,False,False,False,False,False,False,86.41400025530504,-1.460210204198836,-1.6790893964127611,-1.5696498003057986,42.42217522749962
三七,CMP064,C29H75O5,三七,56.22535198894074,37.19503094808424,20.098715155825403,124.46796072075722,132.38838359729806,24.45990294699584,-11.688688270030237,TIM3,Notch,单味药,36.2372678109221,15.100566784487594,1.7499321906646803,1.5704849360749353,0.21902672323954264,0.3669776910836024,0.5995977409213874,0.4166326308281792,0.03712875146699046,0.03645570675395837,False,False,False,False,True,False,False,False,False,False,False,False,False,False,False,False,False,False,False,False,False,False,False,False,False,False,True,False,False,False,97.63371253924514,-1.749932182940505,-1.570484924398793,-1.6602085536696491,47.986751992787745
桃仁,CMP065,C38H55O18,桃仁,33.79271976431334,11.850854359640957,39.1578188602563,68.45878840523521,271.65478917278926,219.94329181827794,-6.965916155180505,IL-6R,Notch,香附+栀子+当归,48.435902697153125,13.05734365036771,1.5288231596754223,1.0737496975668566,0.12657146845421186,0.1081999936872299,0.3026705258466073,0.9408789053309854,0.8768238012095648,0.6329758019426115,False,False,False,False,True,False,False,False,False,False,False,False,False,False,False,False,False,False,False,True,False,False,False,False,False,False,False,False,False,False,195.18253973616967,-1.5288231468237052,-1.073749660920177,-1.3012864038719412,96.94062666614887
甘草,CMP066,C22H46O13,甘草,41.88305086910371,21.185276587511318,45.12736532276914,126.1808313794358,152.0495298831832,214.36859378905413,-6.180783208472652,OX40,TGF-β,黄柏+木香,35.10020789902537,4.983195748718538,1.622038319654873,1.3260341588696778,0.15991546554296657,0.20350947364702762,0.6086783592101134,0.490643894709351,0.8528777955362583,0.7321437416010377,False,False,False,False,False,False,True,False,False,False,False,False,False,False,False,False,False,False,False,False,False,True,False,False,False,False,False,False,False,False,162.98463950382023,-1.6220383092856554,-1.3260341383698524,-1.474036223827754,80.75530163999623
木香,CMP067,C26H76O11,木香,30.551416957839102,94.20706908641868,78.7582207533197,156.52311112665225,217.37226231424347,94.94454629628714,-8.08797536390777,STING,Wnt,熟地+白术+香附,53.45527015906225,21.6024906154252,1.4850313715990084,1.9740834971060126,0.11321256015454348,0.9491013162811871,0.7695350234294499,0.7365409506132166,0.33989414982133404,0.49125165143940874,False,False,False,False,False,False,False,False,True,False,False,False,False,False,False,False,False,False,False,False,False,False,False,False,True,False,False,False,False,False,162.3892021525792,-1.4850313573838094,-1.9740834924960138,-1.7295574249399115,80.32982236381964
黄连,CMP068,C22H51O15,黄连,82.96721864729534,63.805707042668246,49.34126137742393,61.60807867409186,50.5834428399024,189.10937952179586,-10.08574347242963,PD-L1,TGF-β,栀子+栀子,67.3886445000195,3.3125328098790017,1.9189065364928115,1.8048595323347343,0.3292423265880963,0.638687030776935,0.266352150165302,0.1086909183184774,0.7443773377578753,0.23891916677150649,False,False,False,False,False,False,True,False,False,False,False,False,False,False,False,False,False,False,False,False,False,False,False,True,False,False,False,False,False,False,95.44861459472727,-1.9189065312582805,-1.8048595255282198,-1.8618830283932502,46.79336578316701
熟地,CMP069,C41H32O19,熟地,64.94389387113671,33.87191478999098,16.262250435806145,119.08533710332092,169.84263753020932,184.9326543869695,-4.506644961994992,4-1BB,Hippo,桔梗+藿香+黄芩,86.97051040666739,22.29891305161819,1.8125383309533443,1.5298397609638434,0.25495986755374694,0.33304688474743677,0.5710622819162527,0.5576232236956548,0.7264362971400535,0.9435994463994458,True,False,False,False,False,False,False,False,False,False,True,False,False,False,False,False,False,False,False,False,False,False,False,False,False,False,False,False,False,False,159.14245245917084,-1.8125383242661186,-1.5298397481421746,-1.6711890362041466,78.73563171148335
生地,CMP070,C31H53O5,生地,48.92076005551361,12.152029340995293,21.374598377781705,97.19374949614863,92.03416646426535,97.80470503045683,-6.107056836061944,LAG3,mTOR,乳香+桔梗+陈皮,36.23413269921408,10.219164672440922,1.6894932046937454,1.0846488451956104,0.18892112076073705,0.11127515250788811,0.45500614551871815,0.264725586878502,0.35217990537543725,0.7414559128468334,False,False,False,False,False,False,False,False,False,True,False,False,False,False,False,False,False,False,False,False,True,False,False,False,False,False,False,False,False,False,95.31320294368778,-1.6894931958162367,-1.0846488094571793,-1.387071002636708,46.96306597052554
赤芍,CMP071,C48H25O19,赤芍,65.71465333994968,69.58409045185115,14.348703226037529,32.46272108275479,105.90577576101354,110.27290404757336,-7.979836230092883,LAG3,TNF-α,单味药,48.254551978817915,11.464509473725416,1.8176622278444892,1.8425099610991438,0.2581365238798412,0.6976874385464896,0.1118408531012676,0.3169430578840043,0.40573680887669444,0.5049104020266,False,False,False,False,False,False,False,True,False,False,False,False,False,False,False,False,False,False,False,False,True,False,False,False,False,False,False,False,False,False,85.18299784350387,-1.8176622212356972,-1.8425099548578538,-1.8300860880467755,41.67645587772855
砂仁,CMP072,C11H65O13,砂仁,70.67284639043139,8.73216949259658,49.49181055914324,21.73402903576992,173.3417896390608,133.78945818176,-9.286490873900627,OX40,PI3K-Akt,枳实+白术+黄柏,56.6518142752814,3.0916578223888203,1.849252589277657,0.94112220656883,0.27857153111246913,0.07635654097207396,0.05496372888739467,0.5707952263003293,0.5067517043493845,0.33987052003608587,False,False,False,False,False,True,False,False,False,False,False,False,False,False,False,False,False,False,False,False,False,True,False,False,False,False,False,False,False,False,115.99376202088331,-1.8492525831325177,-0.9411221568338293,-1.3951873699831734,57.29928732545007
黄芪,CMP073,C44H32O16,黄芪,74.83464380034975,58.252815240844505,13.170286190948016,75.46048464680557,37.8527753913833,248.61906021207622,-4.5233376089204285,CTLA-4,Notch,半夏+黄芩+茯苓,88.26666279392808,15.855258816234759,1.8741027016383562,1.7653169262352766,0.295724223495867,0.581989013804374,0.3397893419236819,0.06076834177001787,1.0,0.9414910450006989,False,False,False,False,True,False,False,False,False,False,False,False,False,True,False,False,False,False,False,False,False,False,False,False,False,False,False,False,False,False,112.36497361421786,-1.8741026958349682,-1.7653169187799378,-1.819709807307453,55.272631903455206
白术,CMP074,C25H41O7,白术,18.668889271407057,54.188590153402124,47.01897776808065,148.29304677216433,140.2653437025163,15.816224312053327,-11.818117381424267,LAG3,Notch,单味药,46.8500222838877,4.567791583686647,1.2711185030948626,1.7339078599576387,0.06423916667391866,0.5404910860197132,0.72590413249434,0.4462841966347618,0.0,0.02010787883183851,False,False,False,False,True,False,False,False,False,False,False,False,False,False,False,False,False,False,False,False,True,False,False,False,False,False,False,False,False,False,105.33891880627182,-1.2711184798318573,-1.7339078519431383,-1.502513165887498,51.918202820192164
淫羊藿,CMP075,C45H37O18,淫羊藿,59.80047060045637,45.19766555861163,57.04165458105533,175.72035937941448,88.5255623411499,25.395631563159487,-8.488297508100315,IFNGR1,JAK-STAT,佩兰+熟地+栀子,56.08882684642296,14.281920736671285,1.7767046089494185,1.6551160138627532,0.23376144089575146,0.44868890195644284,0.8713073800834717,0.2515180036666885,0.041148155322386346,0.4406880845865835,False,True,False,False,False,False,False,False,False,False,False,False,False,False,False,False,False,True,False,False,False,False,False,False,False,False,False,False,False,False,95.74502221923215,-1.7767046016870263,-1.655116004253972,-1.7159103029704992,47.01455595813083
木香,CMP076,C15H72O16,木香,50.06645796180908,97.2567332990249,75.91104868823382,137.55507970168725,240.02528687454503,89.90259746933337,-8.669402932628444,OX40,MAPK,单味药,34.05891350361182,17.27426634222336,1.6995468762455452,1.9879196826727887,0.19364307183508658,0.9802400309289623,0.6689778376396338,0.8218146652817642,0.3182365578617626,0.41781316654024914,False,False,True,False,False,False,False,False,False,False,False,False,False,False,False,False,False,False,False,False,False,True,False,False,False,False,False,False,False,False,164.24741790112418,-1.6995468675711853,-1.987919678207345,-1.8437332728892653,81.20184231411746
女贞子,CMP077,C30H51O17,女贞子,54.02791809837434,83.11122223628819,13.607564037980966,81.66191524265456,189.391444987194,24.293675238645122,-11.417725373019977,IL-2RA,TGF-β,单味药,26.944621763920644,5.3705450454934205,1.732618240878141,1.919659674331307,0.20997008163850953,0.8358067419429986,0.37266562700662836,0.6312116058898202,0.03641472361716605,0.07068027003723176,False,False,False,False,False,False,True,False,False,False,False,False,False,False,False,False,False,False,True,False,False,False,False,False,False,False,False,False,False,False,107.54325513926752,-1.7326182328398065,-1.9196596691058456,-1.826138950972826,52.85855809414734
厚朴,CMP078,C25H78O15,厚朴,72.66675226907682,36.566695999606,28.30931391697468,107.43514260451697,159.23764206827533,38.17293441788781,-4.149452345227386,STING,Wnt,丹参+半夏+灵芝,79.12678731755858,18.048804710479246,1.861335756466499,1.5630857331127344,0.2867893396238461,0.360562052737908,0.5092999014953818,0.5177024018789074,0.09603280827487673,0.9887154436513428,False,False,False,False,False,False,False,False,True,False,False,False,False,False,False,False,False,False,False,False,False,False,False,False,True,False,False,False,False,False,107.37747993403158,-1.8613357504899763,-1.563085721235958,-1.7122107358629672,52.83263459908431
赤芍,CMP079,C39H62O6,赤芍,76.57270194096566,19.45113501445938,60.649056247760434,136.7512973580554,149.03211956549745,187.20147570087943,-5.962528372972919,OX40,TGF-β,单味药,77.12547948759638,2.70959946318959,1.8840739775318094,1.2889449707210414,0.3028875651230679,0.18580295390006793,0.6647166632113386,0.4792853325984361,0.7361819744430753,0.7597108975174368,False,False,False,False,False,False,True,False,False,False,False,False,False,False,False,False,False,False,False,False,False,True,False,False,False,False,False,False,False,False,156.79867974387943,-1.8840739718601476,-1.2889449483935798,-1.5865094601268637,77.60608514187628
乳香,CMP080,C35H25O16,乳香,64.1351305843049,93.45646838870209,73.89260183143833,82.92601289221834,24.404894723381524,140.0699339779931,-8.70929193426067,PD-1,TGF-β,熟地+人参+佩兰,63.92263616953683,19.541857075790865,1.8070959901057073,1.9706093701617897,0.25162657991294274,0.9414372787638752,0.3793671185507826,0.010145929918247268,0.5337293645310253,0.4127748986602855,False,False,False,False,False,False,True,False,False,False,False,False,False,False,False,False,False,False,False,False,False,False,True,False,False,False,False,False,False,False,76.66074195041604,-1.8070959833341538,-1.9706093655147654,-1.8888526744244596,37.38594463799579
桔梗,CMP081,C24H42O20,桔梗,95.98191916770487,25.07758152509532,58.80654212690895,66.99518166458537,251.85738203974657,33.94497587254563,-4.066602357732108,PD-L1,TNF-α,单味药,60.9398460444511,17.16543845043944,1.9821894339679071,1.3992856682585784,0.3828819280633185,0.24325200407793587,0.2949113561338745,0.8663547091228267,0.07787169555046872,0.9991799931204282,False,False,False,False,False,False,False,True,False,False,False,False,False,False,False,False,False,False,False,False,False,False,False,True,False,False,False,False,False,False,131.02500007703793,-1.9821894294431541,-1.3992856509405418,-1.690737540191848,64.66713126842303
生地,CMP082,C42H59O6,生地,5.609635103432585,8.360457932639456,74.79093670566462,180.86921366435163,177.78276193343538,22.731918336065895,-4.569869109962726,TIM3,NF-κB,黄柏+郁金,22.99602005717647,6.530860468998596,0.7489346895276293,0.9222301179225502,0.010415939006460779,0.07256116568159479,0.8986035335606148,0.5875125614744179,0.02970622757783979,0.9356137816570482,False,False,False,True,False,False,False,False,False,False,False,False,False,False,False,False,False,False,False,False,False,False,False,False,False,False,True,False,False,False,132.19344437349943,-0.7489346121082544,-0.9222300659762981,-0.8355823390422763,65.67893101722858
淫羊藿,CMP083,C50H34O17,淫羊藿,44.27173703150642,81.94337468718204,33.841492253257414,156.11107413943404,287.36035113610643,108.22521658760549,-8.680924629828892,PD-1,MAPK,枳实+藿香,44.54783569916358,16.632981736027652,1.646126571960235,1.9135138509048744,0.16976034622998118,0.8238823892770892,0.767350649155299,1.0,0.3969410076913203,0.41635789329317974,False,False,True,False,False,False,False,False,False,False,False,False,False,False,False,False,False,False,False,False,False,False,True,False,False,False,False,False,False,False,194.24502767255441,-1.6461265621504895,-1.9135138456049403,-1.779820203877715,96.23260373433835
丹参,CMP084,C25H36O17,丹参,36.709322583291986,10.060522440927672,76.00721591397168,94.49981434929612,125.69943111776233,39.02438231661278,-11.301622141159072,TLR7,Notch,单味药,17.169507356830998,13.747055524144155,1.564776382140864,1.0026205772996852,0.1385921378984444,0.08991974023795773,0.44072450864251483,0.3914531311259191,0.09969018596717694,0.0853449435038196,False,False,False,False,True,False,False,False,False,False,False,False,False,False,False,False,False,False,False,False,False,False,False,False,False,False,False,False,True,False,90.3370314468776,-1.5647763703102324,-1.0026205341315038,-1.283698452220868,44.526666497328364
柴胡,CMP085,C48H32O14,柴胡,45.356563502461256,30.811995272131806,44.518675954754926,22.020758552621338,141.7093553935686,113.95904984654321,-8.126149488528572,CTLA-4,Wnt,单味药,46.628930632455564,4.11625909065555,1.6566401518344072,1.4887198366449395,0.17423141796002498,0.30180345790788077,0.05648379771538615,0.45171994940115523,0.42157057561204836,0.4864299848633433,False,False,False,False,False,False,False,False,True,False,False,False,False,True,False,False,False,False,False,False,False,False,False,False,False,False,False,False,False,False,97.4776846771768,-1.6566401422592885,-1.488719822549959,-1.5726799824046238,47.95250234738609
丹参,CMP086,C28H23O18,丹参,60.71791557059149,69.83393725666625,43.530681967681865,43.75108155063672,131.50708311232225,89.99735123284395,-6.121005076470508,STING,mTOR,丹皮+丹参,19.11102588895985,13.968561698462077,1.783316861085397,1.8440665345930707,0.2375426560298471,0.7002385090311143,0.1716850053698688,0.41331511506364943,0.31864357078814837,0.7396941497352767,False,False,False,False,False,False,False,False,False,True,False,False,False,False,False,False,False,False,False,False,False,False,False,False,True,False,False,False,False,False,92.7273630799731,-1.7833168539327393,-1.8440665283741104,-1.8136916911534249,45.45683569440984
藿香,CMP087,C49H20O17,藿香,14.778733146937697,30.980431608558405,27.687717945176416,39.287214546612745,138.47582743273296,103.5928422390059,-8.40746623333093,IL-6R,Notch,豆蔻+佩兰+半夏,12.941213125420159,23.273844937005475,1.169637236728403,1.4910874779227987,0.048206033689744146,0.30352328364955555,0.14802024577473877,0.4395478467324334,0.37704273484300777,0.4508976561151452,False,False,False,False,True,False,False,False,False,False,False,False,False,False,False,False,False,False,False,True,False,False,False,False,False,False,False,False,False,False,98.25434800877878,-1.1696372073419552,-1.4910874639044507,-1.330362335623203,48.461992836577785
三七,CMP088,C39H41O20,三七,66.59429813709264,43.615098845128045,10.738344094920597,59.16029037669453,162.9893473470125,136.91747520959714,-7.355853635807967,IL-2RA,JAK-STAT,桔梗+厚朴+郁金,50.03726252957876,8.934249914788921,1.8234370526046326,1.639636871014267,0.26176194701458855,0.43253004318814614,0.2533754370272398,0.5318251007974512,0.520188039932429,0.5837238928085375,False,True,False,False,False,False,False,False,False,False,False,False,False,False,False,False,False,False,True,False,False,False,False,False,False,False,False,False,False,False,124.01906861469251,-1.8234370460831362,-1.6396368610568328,-1.7315369535699845,61.143765830561264
红花,CMP089,C38H69O17,红花,48.140090589707185,44.37842788902968,58.77342858665663,70.59280010136308,104.07394329094329,205.39369517589407,-11.079317866409713,TIM3,TNF-α,单味药,36.479172444253535,10.806495823298693,1.6825069122137637,1.6471719230221105,0.18570362075264515,0.4403240439775311,0.313983782652094,0.3100474153636188,0.8143262951713128,0.11342357273036452,False,False,False,False,False,False,False,True,False,False,False,False,False,False,False,False,False,False,False,False,False,False,False,False,False,False,True,False,False,False,124.42552589955446,-1.682506903192292,-1.6471719132359486,-1.6648394082141202,61.38034324567017
黄芪,CMP090,C29H25O9,黄芪,70.76882598001372,21.37266345736487,62.66278467523441,163.65865983993956,37.51785041136603,38.91173145087846,-5.024165359920919,4-1BB,Wnt,厚朴+白术+赤芍,79.01092379658459,13.137445451439001,1.849841997070155,1.329858667554724,0.2789671074015184,0.2054227945447808,0.8073634454516703,0.0595075698538733,0.09920629639040779,0.8782328969396132,False,False,False,False,False,False,False,False,True,False,True,False,False,False,False,False,False,False,False,False,False,False,False,False,False,False,False,False,False,False,75.77825755179182,-1.84984199093335,-1.3298586472346325,-1.5898503190839914,37.094203616353916
丹参,CMP091,C42H78O18,丹参,12.668303613504015,31.232620251014392,22.813116283203847,101.11044543392991,163.03096345640506,98.1531716674881,-10.89706161172354,TLR4,Hippo,单味药,49.17136209537671,4.226820307249332,1.1027184975774709,1.494608434665006,0.03950797729287213,0.30609826555818204,0.47577013057724765,0.5319817580344797,0.3536767369569087,0.1364438489050881,True,False,False,False,False,False,False,False,False,False,False,False,False,False,False,False,False,False,False,False,False,False,False,False,False,False,False,True,False,False,124.99147051298743,-1.102718463295496,-1.4946084207598493,-1.2986634420276726,61.84640353547988
藿香,CMP092,C38H42O18,藿香,42.14741309213708,84.14928840802105,44.208965835777995,25.70741889942871,28.640997580041343,193.84830535817468,-9.663280723530347,ICOS,JAK-STAT,柴胡+厚朴+香附,71.80381105298969,12.392206889716551,1.6247709341216987,1.9250504529621297,0.16100502455866395,0.8464059568249133,0.07602827131584258,0.026092066618176757,0.7647333004249879,0.29227925128515,False,True,False,False,False,False,False,False,False,False,False,False,False,False,False,True,False,False,False,False,False,False,False,False,False,False,False,False,False,False,77.32311630929755,-1.62477092381752,-1.9250504478011297,-1.7749106858093249,37.77410281174411
淫羊藿,CMP093,C28H52O13,淫羊藿,73.86288106573373,65.71349853562715,27.327213740644044,176.21387079260802,29.02451072577427,76.7615778141885,-5.102402996019806,CTLA-4,Notch,黄柏+郁金+红花,58.82094420955815,10.847842408847637,1.8684262494403983,1.8176545959158623,0.2917191397268219,0.6581666097617742,0.8739236831543631,0.027535740970526967,0.2617895665511057,0.8683509206345743,False,False,False,False,True,False,False,False,False,False,False,False,False,True,False,False,False,False,False,False,False,False,False,False,False,False,False,False,False,False,87.50243887234866,-1.8684262435606591,-1.8176545893069542,-1.8430404164338068,42.82969922795743
佩兰,CMP094,C33H73O20,佩兰,98.56334192391762,68.2506322764077,16.665761467003993,119.22938134403414,239.99349352156324,230.91064728000896,-4.060110194842605,OX40,PI3K-Akt,丹皮+甘草,21.37373064602943,15.545245596621143,1.9937154248202522,1.8341066854149684,0.39352116541381915,0.6840721121612966,0.5718259185399399,0.821694984251829,0.9239338607555789,1.0,False,False,False,False,False,True,False,False,False,False,False,False,False,False,False,False,False,False,False,False,False,True,False,False,False,False,False,False,False,False,201.03940599583825,-1.9937154204140048,-1.8341066790517384,-1.9139110497328717,99.5627474730527
枳实,CMP096,C38H16O5,枳实,46.195295461020734,99.19198564324635,39.94595106066967,199.18187305951457,274.6340200076674,101.85294122139359,-9.585075964988622,ICOS,TNF-α,单味药,41.70732535457866,8.026712631417306,1.6645977585644793,1.9964765885131466,0.17768822036059587,1.0,0.9956863278605731,0.9520937468400681,0.3695690242634704,0.3021570749181881,False,False,False,False,False,False,False,True,False,False,False,False,False,False,False,True,False,False,False,False,False,False,False,False,False,False,False,False,False,False,200.16405228733942,-1.6645977491632087,-1.9964765841348242,-1.8305371666490164,99.1667575603452
三七,CMP097,C49H71O11,三七,31.109470100541046,98.82733603696293,39.561975364254195,35.11327870758656,39.831925512143386,105.02143253380659,-6.153892945888232,CD28,TNF-α,单味药,61.32609188135871,16.574152792138015,1.492892627628502,1.9948770931921513,0.11551255531229496,0.9962767310612275,0.12589252823588498,0.06821853819896091,0.383179216339368,0.735540175222315,False,False,False,False,False,False,False,True,False,False,False,True,False,False,False,False,False,False,False,False,False,False,False,False,False,False,False,False,False,False,57.9731835772753,-1.4928926136683003,-1.9948770887976741,-1.7438848512329872,28.114649363021158
女贞子,CMP098,C13H45O20,女贞子,89.76270161528919,14.861301016003774,18.62100557439158,148.70173829023585,118.42997930727628,115.90635425529152,-5.671386710415471,GITR,MAPK,木香+延胡索+延胡索,58.60744791324186,18.916302007804976,1.9530959200399496,1.172056860137533,0.3572496555053644,0.13893827595690963,0.7280707710870697,0.36408843384966755,0.4299351833764683,0.7964841840615997,False,False,True,False,False,False,False,False,False,False,False,False,False,False,True,False,False,False,False,False,False,False,False,False,False,False,False,False,False,False,126.75441948656874,-1.9530959152016987,-1.1720568309143535,-1.5625763730580262,62.59592155675536
牛膝,CMP099,C42H68O18,牛膝,115.75075949086195,54.19475499749981,51.57508376964062,110.374435177875,148.46902779988574,131.07118582256945,-4.528604786606273,OX40,Hippo,香附+半夏,86.3562387152709,18.718442132166118,2.0635238530454973,1.7339572652924375,0.46435846414638476,0.5405540323993219,0.5248822770602376,0.4771656630406177,0.4950754189266506,0.9408257625652716,True,False,False,False,False,False,False,False,False,False,False,False,False,False,False,False,False,False,False,False,False,True,False,False,False,False,False,False,False,False,131.82129742008763,-2.063523849293518,-1.7339572572788489,-1.8987405532861836,64.96127843340072
桔梗,CMP100,C21H30O5,桔梗,9.160353380539942,54.119916790931526,53.12329389667236,62.71886978956641,106.77392797265973,135.1566040994029,-8.339609974200442,OX40,TGF-β,郁金+枸杞+川芎,44.998883444046,22.928843464469658,0.9619122752547424,1.733357128225439,0.02505009159692184,0.5397898939904282,0.27224090193241685,0.3202110790609433,0.5126242527329017,0.4594683898222387,False,False,False,False,False,False,True,False,False,False,False,False,False,False,False,False,False,False,False,False,False,True,False,False,False,False,False,False,False,False,102.07221335575468,-0.9619122278445128,-1.733357120200769,-1.3476346740226408,50.36228934086602
